ID,STID,OID,PUBMEDID,NCT,DISEASE,DRUG,DRUG2,TIMEWK,TransDV,RESPONSEFINAL,NTOTAL,NOC,BSL,AGE,Male,ECOG0,ECOG1,DSI,DSII,DSIII,DSIV
5,1,1,28162999,NCT00636168,Melanoma,ipilimumab,ICI,0,27.224778244917,78.4,951,446,78.4,51,62,UNK,UNK,0,0,100,0
5,1,1,28162999,NCT00636168,Melanoma,ipilimumab,ICI,4,23.1304213417786,76.07,951,400,78.4,51,62,UNK,UNK,0,0,100,0
5,1,1,28162999,NCT00636168,Melanoma,ipilimumab,ICI,7,17.4984320392855,71.55,951,360,78.4,51,62,UNK,UNK,0,0,100,0
5,1,1,28162999,NCT00636168,Melanoma,ipilimumab,ICI,10,15.5574603627272,69.52,951,356,78.4,51,62,UNK,UNK,0,0,100,0
5,1,1,28162999,NCT00636168,Melanoma,ipilimumab,ICI,24,18.2610331822141,74.16,951,300,78.4,51,62,UNK,UNK,0,0,100,0
5,1,1,28162999,NCT00636168,Melanoma,ipilimumab,ICI,36,17.9541032019385,74.16,951,290,78.4,51,62,UNK,UNK,0,0,100,0
5,1,1,28162999,NCT00636168,Melanoma,ipilimumab,ICI,48,17.892779441568,74.63,951,275,78.4,51,62,UNK,UNK,0,0,100,0
5,1,1,28162999,NCT00636168,Melanoma,ipilimumab,ICI,60,16.5883359854464,74.39,951,242,78.4,51,62,UNK,UNK,0,0,100,0
5,1,1,28162999,NCT00636168,Melanoma,ipilimumab,ICI,72,15.6000905453923,74.25,951,217,78.4,51,62,UNK,UNK,0,0,100,0
5,1,1,28162999,NCT00636168,Melanoma,ipilimumab,ICI,84,16.2927262789105,75.73,951,205,78.4,51,62,UNK,UNK,0,0,100,0
5,1,1,28162999,NCT00636168,Melanoma,ipilimumab,ICI,96,15.1092759537845,74.48,951,199,78.4,51,62,UNK,UNK,0,0,100,0
5,1,1,28162999,NCT00636168,Melanoma,ipilimumab,ICI,108,13.254781687936,74.1,951,159,78.4,51,62,UNK,UNK,0,0,100,0
5,1,2,28162999,NCT00636168,Melanoma,control,control,0,25.2256264134144,76.85,951,442,76.85,52,62,UNK,UNK,0,0,100,0
5,1,2,28162999,NCT00636168,Melanoma,control,control,4,26.5113812612598,78.45,951,421,76.85,52,62,UNK,UNK,0,0,100,0
5,1,2,28162999,NCT00636168,Melanoma,control,control,7,24.4916709257155,76.97,951,412,76.85,52,62,UNK,UNK,0,0,100,0
5,1,2,28162999,NCT00636168,Melanoma,control,control,10,24.7550273066034,77.41,951,404,76.85,52,62,UNK,UNK,0,0,100,0
5,1,2,28162999,NCT00636168,Melanoma,control,control,24,24.2456631651302,78.61,951,347,76.85,52,62,UNK,UNK,0,0,100,0
5,1,2,28162999,NCT00636168,Melanoma,control,control,36,23.0040733866326,78.8,951,307,76.85,52,62,UNK,UNK,0,0,100,0
5,1,2,28162999,NCT00636168,Melanoma,control,control,48,20.7953785047816,77.76,951,276,76.85,52,62,UNK,UNK,0,0,100,0
5,1,2,28162999,NCT00636168,Melanoma,control,control,60,21.1669893961661,79.01,951,255,76.85,52,62,UNK,UNK,0,0,100,0
5,1,2,28162999,NCT00636168,Melanoma,control,control,72,20.0512913080483,78.13,951,248,76.85,52,62,UNK,UNK,0,0,100,0
5,1,2,28162999,NCT00636168,Melanoma,control,control,84,19.8623069614484,78.89,951,227,76.85,52,62,UNK,UNK,0,0,100,0
5,1,2,28162999,NCT00636168,Melanoma,control,control,96,19.1712410333149,78.76,951,214,76.85,52,62,UNK,UNK,0,0,100,0
5,1,2,28162999,NCT00636168,Melanoma,control,control,108,17.5909966949887,79.08,951,175,76.85,52,62,UNK,UNK,0,0,100,0
1,2,3,39021272,NCT03071406,MCC,Nivo+Ipi,ICI,0,4.51232781660676,71.1455913,50,25,71.1455913,UNK,80,UNK,UNK,UNK,UNK,UNK,UNK
1,2,3,39021272,NCT03071406,MCC,Nivo+Ipi,ICI,12,4.64840575385856,71.701059342,50,25,71.1455913,UNK,80,UNK,UNK,UNK,UNK,UNK,UNK
1,2,3,39021272,NCT03071406,MCC,Nivo+Ipi,ICI,16,4.70829113385487,71.943448977,50,25,71.1455913,UNK,80,UNK,UNK,UNK,UNK,UNK,UNK
1,2,3,39021272,NCT03071406,MCC,Nivo+Ipi,ICI,32,5.13786454798444,73.644508324,50,25,71.1455913,UNK,80,UNK,UNK,UNK,UNK,UNK,UNK
1,2,4,39021272,NCT03071406,MCC,Nivo+Ipi,ICI,0,1.78979046001773,58.8546056,50,25,58.8546056,UNK,76,UNK,UNK,UNK,UNK,UNK,UNK
1,2,4,39021272,NCT03071406,MCC,Nivo+Ipi,ICI,12,1.47595002171843,57.326625448,50,25,58.8546056,UNK,76,UNK,UNK,UNK,UNK,UNK,UNK
1,2,4,39021272,NCT03071406,MCC,Nivo+Ipi,ICI,16,1.0805454841578,55.381798133,50,25,58.8546056,UNK,76,UNK,UNK,UNK,UNK,UNK,UNK
1,2,4,39021272,NCT03071406,MCC,Nivo+Ipi,ICI,32,-0.856338269869133,45.72874414,50,25,58.8546056,UNK,76,UNK,UNK,UNK,UNK,UNK,UNK
2,3,5,39097500,NCT03416244,ESCC,Nivo+Ipi,ICI,0,1.71476116450137,56.6552901,60,41,56.6552901,69,80.5,UNK,UNK,UNK,UNK,UNK,UNK
2,3,5,39097500,NCT03416244,ESCC,Nivo+Ipi,ICI,6,1.44848755333851,55.631399315,60,41,56.6552901,69,80.5,UNK,UNK,UNK,UNK,UNK,UNK
2,3,5,39097500,NCT03416244,ESCC,Nivo+Ipi,ICI,12,3.35259821464389,62.79863481,60,41,56.6552901,69,80.5,UNK,UNK,UNK,UNK,UNK,UNK
2,3,6,39097500,NCT03416244,ESCC,Nivo+Ipi,ICI,0,-4.49608650850367,26.27986348,60,19,26.27986348,72,57.9,UNK,UNK,UNK,UNK,UNK,UNK
2,3,6,39097500,NCT03416244,ESCC,Nivo+Ipi,ICI,6,-1.77978229100657,39.93174061,60,19,26.27986348,72,57.9,UNK,UNK,UNK,UNK,UNK,UNK
2,3,6,39097500,NCT03416244,ESCC,Nivo+Ipi,ICI,12,-0.865687976221432,45.05119454,60,19,26.27986348,72,57.9,UNK,UNK,UNK,UNK,UNK,UNK
9,4,9,27405322,NCT01721772,Melanoma,nivolumab,ICI,0,9.61143908941671,68.9,418,146,68.9,64,57.6,70.5,28.6,UNK,UNK,UNK,UNK
9,4,9,27405322,NCT01721772,Melanoma,nivolumab,ICI,7,9.83149036390179,70.176595745,418,132,68.9,64,57.6,70.5,28.6,UNK,UNK,UNK,UNK
9,4,9,27405322,NCT01721772,Melanoma,nivolumab,ICI,13,8.63001694674963,69.892907801,418,105,68.9,64,57.6,70.5,28.6,UNK,UNK,UNK,UNK
9,4,9,27405322,NCT01721772,Melanoma,nivolumab,ICI,19,8.52483473007626,71.169503546,418,89,68.9,64,57.6,70.5,28.6,UNK,UNK,UNK,UNK
9,4,9,27405322,NCT01721772,Melanoma,nivolumab,ICI,25,8.02268118700336,72.020567376,418,72,68.9,64,57.6,70.5,28.6,UNK,UNK,UNK,UNK
9,4,9,27405322,NCT01721772,Melanoma,nivolumab,ICI,31,7.43951332754233,72.162411348,418,61,68.9,64,57.6,70.5,28.6,UNK,UNK,UNK,UNK
9,4,9,27405322,NCT01721772,Melanoma,nivolumab,ICI,37,7.0894867182332,72.587943262,418,53,68.9,64,57.6,70.5,28.6,UNK,UNK,UNK,UNK
9,4,9,27405322,NCT01721772,Melanoma,nivolumab,ICI,43,6.48768652299908,71.453191489,418,50,68.9,64,57.6,70.5,28.6,UNK,UNK,UNK,UNK
9,4,9,27405322,NCT01721772,Melanoma,nivolumab,ICI,49,6.35924062988955,73.722695035,418,38,68.9,64,57.6,70.5,28.6,UNK,UNK,UNK,UNK
9,4,9,27405322,NCT01721772,Melanoma,nivolumab,ICI,55,5.6385531506409,76.417730496,418,23,68.9,64,57.6,70.5,28.6,UNK,UNK,UNK,UNK
9,4,9,27405322,NCT01721772,Melanoma,nivolumab,ICI,61,3.7781463885327,73.297163121,418,14,68.9,64,57.6,70.5,28.6,UNK,UNK,UNK,UNK
9,4,9,27405322,NCT01721772,Melanoma,nivolumab,ICI,67,2.09608078842714,70.176595745,418,6,68.9,64,57.6,70.5,28.6,UNK,UNK,UNK,UNK
9,4,10,27405322,NCT01721772,Melanoma,control,control,0,7.81048664979452,66.2,418,135,66.2,66,60.1,58.2,40.4,UNK,UNK,UNK,UNK
9,4,10,27405322,NCT01721772,Melanoma,control,control,7,8.34360250082841,67.90212766,418,124,66.2,66,60.1,58.2,40.4,UNK,UNK,UNK,UNK
9,4,10,27405322,NCT01721772,Melanoma,control,control,13,6.31411829474953,69.320567376,418,60,66.2,66,60.1,58.2,40.4,UNK,UNK,UNK,UNK
9,4,10,27405322,NCT01721772,Melanoma,control,control,19,4.92317588351721,68.327659574,418,41,66.2,66,60.1,58.2,40.4,UNK,UNK,UNK,UNK
9,4,10,27405322,NCT01721772,Melanoma,control,control,25,3.08421768031155,63.504964539,418,31,66.2,66,60.1,58.2,40.4,UNK,UNK,UNK,UNK
9,4,10,27405322,NCT01721772,Melanoma,control,control,31,3.86833168144801,71.873758865,418,17,66.2,66,60.1,58.2,40.4,UNK,UNK,UNK,UNK
9,4,10,27405322,NCT01721772,Melanoma,control,control,37,3.16028397421758,74.143262411,418,9,66.2,66,60.1,58.2,40.4,UNK,UNK,UNK,UNK
9,4,10,27405322,NCT01721772,Melanoma,control,control,43,1.17866511589703,61.802836879,418,6,66.2,66,60.1,58.2,40.4,UNK,UNK,UNK,UNK
3,5,11,32459597,NCT02366143,Melanoma,atezolizumab,ICI,3,7.80980952996706,60,1202,371,60,63,59.5,44.8,55.3,UNK,UNK,UNK,UNK
3,5,11,32459597,NCT02366143,Melanoma,atezolizumab,ICI,6,4.68694542303837,56.053511706,1202,371,60,63,59.5,44.8,55.3,UNK,UNK,UNK,UNK
3,5,11,32459597,NCT02366143,Melanoma,atezolizumab,ICI,9,6.98621633003215,59.933110368,1202,301,60,63,59.5,44.8,55.3,UNK,UNK,UNK,UNK
3,5,11,32459597,NCT02366143,Melanoma,atezolizumab,ICI,12,7.37370591081998,60.468227425,1202,301,60,63,59.5,44.8,55.3,UNK,UNK,UNK,UNK
3,5,11,32459597,NCT02366143,Melanoma,atezolizumab,ICI,15,6.38596988675373,59.665551839,1202,266,60,63,59.5,44.8,55.3,UNK,UNK,UNK,UNK
3,5,11,32459597,NCT02366143,Melanoma,atezolizumab,ICI,18,6.65840419321432,60.066889632,1202,266,60,63,59.5,44.8,55.3,UNK,UNK,UNK,UNK
3,5,11,32459597,NCT02366143,Melanoma,atezolizumab,ICI,21,6.31920129599289,60.334448161,1202,227,60,63,59.5,44.8,55.3,UNK,UNK,UNK,UNK
3,5,11,32459597,NCT02366143,Melanoma,atezolizumab,ICI,24,7.25186012873455,61.806020067,1202,227,60,63,59.5,44.8,55.3,UNK,UNK,UNK,UNK
3,5,11,32459597,NCT02366143,Melanoma,atezolizumab,ICI,27,6.80886843514701,62.073578595,1202,191,60,63,59.5,44.8,55.3,UNK,UNK,UNK,UNK
3,5,11,32459597,NCT02366143,Melanoma,atezolizumab,ICI,30,7.5998479740877,63.411371237,1202,191,60,63,59.5,44.8,55.3,UNK,UNK,UNK,UNK
3,5,11,32459597,NCT02366143,Melanoma,atezolizumab,ICI,33,5.67753959595197,61.003344482,1202,161,60,63,59.5,44.8,55.3,UNK,UNK,UNK,UNK
3,5,11,32459597,NCT02366143,Melanoma,atezolizumab,ICI,36,5.89200599847263,61.404682274,1202,161,60,63,59.5,44.8,55.3,UNK,UNK,UNK,UNK
3,5,11,32459597,NCT02366143,Melanoma,atezolizumab,ICI,39,5.29446301019901,61.404682274,1202,130,60,63,59.5,44.8,55.3,UNK,UNK,UNK,UNK
3,5,12,32459597,NCT02366143,Melanoma,atezolizumab,ICI,3,7.65030035919942,60,1202,356,60,63,60.8,40.5,59.5,UNK,UNK,UNK,UNK
3,5,12,32459597,NCT02366143,Melanoma,atezolizumab,ICI,6,5.92957612786473,57.79264214,1202,356,60,63,60.8,40.5,59.5,UNK,UNK,UNK,UNK
3,5,12,32459597,NCT02366143,Melanoma,atezolizumab,ICI,9,7.52414064740064,60.869565217,1202,290,60,63,60.8,40.5,59.5,UNK,UNK,UNK,UNK
3,5,12,32459597,NCT02366143,Melanoma,atezolizumab,ICI,12,6.95229730411068,60.066889632,1202,290,60,63,60.8,40.5,59.5,UNK,UNK,UNK,UNK
3,5,12,32459597,NCT02366143,Melanoma,atezolizumab,ICI,15,5.21152706017988,57.79264214,1202,275,60,63,60.8,40.5,59.5,UNK,UNK,UNK,UNK
3,5,12,32459597,NCT02366143,Melanoma,atezolizumab,ICI,18,6.95529585581065,60.334448161,1202,275,60,63,60.8,40.5,59.5,UNK,UNK,UNK,UNK
3,5,12,32459597,NCT02366143,Melanoma,atezolizumab,ICI,21,5.69479520749521,58.996655518,1202,245,60,63,60.8,40.5,59.5,UNK,UNK,UNK,UNK
3,5,12,32459597,NCT02366143,Melanoma,atezolizumab,ICI,24,8.2474736185497,62.876254181,1202,245,60,63,60.8,40.5,59.5,UNK,UNK,UNK,UNK
3,5,12,32459597,NCT02366143,Melanoma,atezolizumab,ICI,27,7.95619312316718,62.876254181,1202,228,60,63,60.8,40.5,59.5,UNK,UNK,UNK,UNK
3,5,12,32459597,NCT02366143,Melanoma,atezolizumab,ICI,30,7.61103621014787,62.341137124,1202,228,60,63,60.8,40.5,59.5,UNK,UNK,UNK,UNK
3,5,12,32459597,NCT02366143,Melanoma,atezolizumab,ICI,33,7.69967514833508,63.545150502,1202,192,60,63,60.8,40.5,59.5,UNK,UNK,UNK,UNK
3,5,12,32459597,NCT02366143,Melanoma,atezolizumab,ICI,36,7.22174716979187,62.742474916,1202,192,60,63,60.8,40.5,59.5,UNK,UNK,UNK,UNK
3,5,12,32459597,NCT02366143,Melanoma,atezolizumab,ICI,39,6.36730296578164,61.806020067,1202,175,60,63,60.8,40.5,59.5,UNK,UNK,UNK,UNK
3,5,13,32459597,NCT02366143,Melanoma,control,control,3,7.69315952008923,60,1202,360,60,63,59.1,45.3,54.7,UNK,UNK,UNK,UNK
3,5,13,32459597,NCT02366143,Melanoma,control,control,6,7.429118715894,59.665551839,1202,360,60,63,59.1,45.3,54.7,UNK,UNK,UNK,UNK
3,5,13,32459597,NCT02366143,Melanoma,control,control,9,6.16442008680931,58.862876254,1202,296,60,63,59.1,45.3,54.7,UNK,UNK,UNK,UNK
3,5,13,32459597,NCT02366143,Melanoma,control,control,12,6.16442008680931,58.862876254,1202,296,60,63,59.1,45.3,54.7,UNK,UNK,UNK,UNK
3,5,13,32459597,NCT02366143,Melanoma,control,control,15,4.38724351304631,56.989966555,1202,243,60,63,59.1,45.3,54.7,UNK,UNK,UNK,UNK
3,5,13,32459597,NCT02366143,Melanoma,control,control,18,5.49925807090458,58.72909699,1202,243,60,63,59.1,45.3,54.7,UNK,UNK,UNK,UNK
3,5,13,32459597,NCT02366143,Melanoma,control,control,21,5.52347746092242,59.665551839,1202,199,60,63,59.1,45.3,54.7,UNK,UNK,UNK,UNK
3,5,13,32459597,NCT02366143,Melanoma,control,control,24,6.31209856572748,61.003344482,1202,199,60,63,59.1,45.3,54.7,UNK,UNK,UNK,UNK
3,5,13,32459597,NCT02366143,Melanoma,control,control,27,5.11967503437356,60.334448161,1202,149,60,63,59.1,45.3,54.7,UNK,UNK,UNK,UNK
3,5,13,32459597,NCT02366143,Melanoma,control,control,30,5.53054395540133,61.137123746,1202,149,60,63,59.1,45.3,54.7,UNK,UNK,UNK,UNK
3,5,13,32459597,NCT02366143,Melanoma,control,control,33,5.5674494173827,62.341137124,1202,122,60,63,59.1,45.3,54.7,UNK,UNK,UNK,UNK
3,5,13,32459597,NCT02366143,Melanoma,control,control,36,5.25383097447713,61.672240803,1202,122,60,63,59.1,45.3,54.7,UNK,UNK,UNK,UNK
3,5,13,32459597,NCT02366143,Melanoma,control,control,39,4.18589597903923,60.468227425,1202,97,60,63,59.1,45.3,54.7,UNK,UNK,UNK,UNK
2,6,14,31581306,NCT01693562,Urothelial,Durvalumab,ICI,0,4.310153221166,60,113,113,60,UNK,71.1,UNK,UNK,UNK,UNK,UNK,UNK
2,6,14,31581306,NCT01693562,Urothelial,Durvalumab,ICI,4,3.29379054505479,59.103773585,113,80,60,UNK,71.1,UNK,UNK,UNK,UNK,UNK,UNK
2,6,14,31581306,NCT01693562,Urothelial,Durvalumab,ICI,6,3.0799613079858,60.235849057,113,55,60,UNK,71.1,UNK,UNK,UNK,UNK,UNK,UNK
2,6,14,31581306,NCT01693562,Urothelial,Durvalumab,ICI,8,4.00666564458738,62.358490566,113,63,60,UNK,71.1,UNK,UNK,UNK,UNK,UNK,UNK
2,6,14,31581306,NCT01693562,Urothelial,Durvalumab,ICI,12,2.88156697716337,59.952830189,113,51,60,UNK,71.1,UNK,UNK,UNK,UNK,UNK,UNK
2,6,14,31581306,NCT01693562,Urothelial,Durvalumab,ICI,16,4.17713705938784,66.320754717,113,38,60,UNK,71.1,UNK,UNK,UNK,UNK,UNK,UNK
4,7,15,31601496,NCT02125461,NSCLC,Durvalumab,ICI,0,15.2537220664526,66.8,713,476,66.8,63,70.2,UNK,UNK,UNK,UNK,UNK,UNK
4,7,15,31601496,NCT02125461,NSCLC,Durvalumab,ICI,4,16.8627446180455,69.100348953,713,439,66.8,63,70.2,UNK,UNK,UNK,UNK,UNK,UNK
4,7,15,31601496,NCT02125461,NSCLC,Durvalumab,ICI,8,14.4105963289741,67.966375872,713,367,66.8,63,70.2,UNK,UNK,UNK,UNK,UNK,UNK
4,7,15,31601496,NCT02125461,NSCLC,Durvalumab,ICI,16,15.5713593276404,70.89222333,713,306,66.8,63,70.2,UNK,UNK,UNK,UNK,UNK,UNK
4,7,15,31601496,NCT02125461,NSCLC,Durvalumab,ICI,24,14.1834610050143,70.200299103,713,274,66.8,63,70.2,UNK,UNK,UNK,UNK,UNK,UNK
4,7,15,31601496,NCT02125461,NSCLC,Durvalumab,ICI,32,12.5195531243995,68.890229312,713,248,66.8,63,70.2,UNK,UNK,UNK,UNK,UNK,UNK
4,7,15,31601496,NCT02125461,NSCLC,Durvalumab,ICI,40,12.4168199568202,69.786291127,713,220,66.8,63,70.2,UNK,UNK,UNK,UNK,UNK,UNK
4,7,15,31601496,NCT02125461,NSCLC,Durvalumab,ICI,48,11.4008806195364,68.917647059,713,205,66.8,63,70.2,UNK,UNK,UNK,UNK,UNK,UNK
4,7,16,31601496,NCT02125461,NSCLC,control,control,0,11.6041693982673,68,713,237,68,62.6,70,UNK,UNK,UNK,UNK,UNK,UNK
4,7,16,31601496,NCT02125461,NSCLC,control,control,4,11.7026850078878,69.241525424,713,208,68,62.6,70,UNK,UNK,UNK,UNK,UNK,UNK
4,7,16,31601496,NCT02125461,NSCLC,control,control,8,11.1106031589045,70.049351944,713,171,68,62.6,70,UNK,UNK,UNK,UNK,UNK,UNK
4,7,16,31601496,NCT02125461,NSCLC,control,control,16,10.5133101436052,71.474700897,713,131,68,62.6,70,UNK,UNK,UNK,UNK,UNK,UNK
4,7,16,31601496,NCT02125461,NSCLC,control,control,24,8.8871628957081,70.165004985,713,108,68,62.6,70,UNK,UNK,UNK,UNK,UNK,UNK
4,7,16,31601496,NCT02125461,NSCLC,control,control,32,8.11581711733567,70.796236291,713,84,68,62.6,70,UNK,UNK,UNK,UNK,UNK,UNK
4,7,16,31601496,NCT02125461,NSCLC,control,control,40,7.15823768817111,69.221834497,713,78,68,62.6,70,UNK,UNK,UNK,UNK,UNK,UNK
4,7,16,31601496,NCT02125461,NSCLC,control,control,48,5.97164698372956,67.470712861,713,67,68,62.6,70,UNK,UNK,UNK,UNK,UNK,UNK
1,8,17,39073799,NCT03132636,laBCC,Cemiplimab,ICI,9,4.81426857254436,63.3,78,78,63.3,70,66.7,60.7,39.299999999999997,UNK,UNK,UNK,UNK
1,8,17,39073799,NCT03132636,laBCC,Cemiplimab,ICI,18,5.89870358098858,66.2,78,77,63.3,70,66.7,60.7,39.299999999999997,UNK,UNK,UNK,UNK
1,8,17,39073799,NCT03132636,laBCC,Cemiplimab,ICI,27,4.0807153065014,62.3,78,66,63.3,70,66.7,60.7,39.299999999999997,UNK,UNK,UNK,UNK
1,8,17,39073799,NCT03132636,laBCC,Cemiplimab,ICI,36,4.75445675902111,65.5,78,55,63.3,70,66.7,60.7,39.299999999999997,UNK,UNK,UNK,UNK
1,8,17,39073799,NCT03132636,laBCC,Cemiplimab,ICI,45,3.92361233515101,63.4,78,51,63.3,70,66.7,60.7,39.299999999999997,UNK,UNK,UNK,UNK
1,8,17,39073799,NCT03132636,laBCC,Cemiplimab,ICI,57,5.17909523802423,69.4,78,40,63.3,70,66.7,60.7,39.299999999999997,UNK,UNK,UNK,UNK
1,8,17,39073799,NCT03132636,laBCC,Cemiplimab,ICI,69,3.91968050287645,66.2,78,34,63.3,70,66.7,60.7,39.299999999999997,UNK,UNK,UNK,UNK
1,8,17,39073799,NCT03132636,laBCC,Cemiplimab,ICI,81,4.43604148847319,68.4,78,33,63.3,70,66.7,60.7,39.299999999999997,UNK,UNK,UNK,UNK
1,8,17,39073799,NCT03132636,laBCC,Cemiplimab,ICI,93,3.05653667932848,63.6,78,30,63.3,70,66.7,60.7,39.299999999999997,UNK,UNK,UNK,UNK
3,9,18,39031963,NCT03132636,laBCC,Cemiplimab,ICI,9,4.75064979050633,67,45,45,67,63.8,70.4,66.7,33.299999999999997,3.7,5.6,7.4,20.399999999999999
3,9,18,39031963,NCT03132636,laBCC,Cemiplimab,ICI,18,2.63150119987112,59.9,45,43,67,63.8,70.4,66.7,33.299999999999997,3.7,5.6,7.4,20.399999999999999
3,9,18,39031963,NCT03132636,laBCC,Cemiplimab,ICI,27,3.547967674831,65.9,45,29,67,63.8,70.4,66.7,33.299999999999997,3.7,5.6,7.4,20.399999999999999
3,9,18,39031963,NCT03132636,laBCC,Cemiplimab,ICI,36,2.00381550028519,59.7,45,26,67,63.8,70.4,66.7,33.299999999999997,3.7,5.6,7.4,20.399999999999999
3,9,18,39031963,NCT03132636,laBCC,Cemiplimab,ICI,45,3.57824229032048,69,45,20,67,63.8,70.4,66.7,33.299999999999997,3.7,5.6,7.4,20.399999999999999
3,9,18,39031963,NCT03132636,laBCC,Cemiplimab,ICI,57,4.20368084785625,72.4,45,19,67,63.8,70.4,66.7,33.299999999999997,3.7,5.6,7.4,20.399999999999999
3,9,18,39031963,NCT03132636,laBCC,Cemiplimab,ICI,69,3.42320901245212,72.1,45,13,67,63.8,70.4,66.7,33.299999999999997,3.7,5.6,7.4,20.399999999999999
3,9,18,39031963,NCT03132636,laBCC,Cemiplimab,ICI,81,2.04351296853969,66.4,45,9,67,63.8,70.4,66.7,33.299999999999997,3.7,5.6,7.4,20.399999999999999
3,9,18,39031963,NCT03132636,laBCC,Cemiplimab,ICI,93,1.99935747987388,65.3,45,10,67,63.8,70.4,66.7,33.299999999999997,3.7,5.6,7.4,20.399999999999999
1,10,19,33812497,NCT02563002,CRC,Pembrolizumab,ICI,0,8.30937035304073,66.19,307,153,66.19,63,46.1,49.3,UNK,UNK,UNK,UNK,UNK
1,10,19,33812497,NCT02563002,CRC,Pembrolizumab,ICI,3,9.55428213110434,68.404370819,307,153,66.19,63,46.1,49.3,UNK,UNK,UNK,UNK,UNK
1,10,19,33812497,NCT02563002,CRC,Pembrolizumab,ICI,6,11.0252130392672,70.916572593,307,153,66.19,63,46.1,49.3,UNK,UNK,UNK,UNK,UNK
1,10,19,33812497,NCT02563002,CRC,Pembrolizumab,ICI,9,9.6333065173273,68.542286756,307,153,66.19,63,46.1,49.3,UNK,UNK,UNK,UNK,UNK
1,10,19,33812497,NCT02563002,CRC,Pembrolizumab,ICI,12,10.684375245411,70.344991243,307,153,66.19,63,46.1,49.3,UNK,UNK,UNK,UNK,UNK
1,10,19,33812497,NCT02563002,CRC,Pembrolizumab,ICI,18,10.1230095748641,69.389592317,307,153,66.19,63,46.1,49.3,UNK,UNK,UNK,UNK,UNK
1,10,19,33812497,NCT02563002,CRC,Pembrolizumab,ICI,27,11.2861260256997,71.349699693,307,153,66.19,63,46.1,49.3,UNK,UNK,UNK,UNK,UNK
1,10,19,33812497,NCT02563002,CRC,Pembrolizumab,ICI,36,10.2957076081377,69.685341793,307,153,66.19,63,46.1,49.3,UNK,UNK,UNK,UNK,UNK
1,10,19,33812497,NCT02563002,CRC,Pembrolizumab,ICI,45,12.1948171464713,72.827585771,307,153,66.19,63,46.1,49.3,UNK,UNK,UNK,UNK,UNK
1,10,20,33812497,NCT02563002,CRC,control,control,0,8.56451985577755,66.6,307,154,66.6,63,52.1,54.9,UNK,UNK,UNK,UNK,UNK
1,10,20,33812497,NCT02563002,CRC,control,control,3,6.4278197129608,62.667260486,307,154,66.6,63,52.1,54.9,UNK,UNK,UNK,UNK,UNK
1,10,20,33812497,NCT02563002,CRC,control,control,6,7.09615685703695,63.918408889,307,154,66.6,63,52.1,54.9,UNK,UNK,UNK,UNK,UNK
1,10,20,33812497,NCT02563002,CRC,control,control,9,4.93374579939748,59.810430364,307,154,66.6,63,52.1,54.9,UNK,UNK,UNK,UNK,UNK
1,10,20,33812497,NCT02563002,CRC,control,control,12,5.70672161254898,61.298113749,307,154,66.6,63,52.1,54.9,UNK,UNK,UNK,UNK,UNK
1,10,20,33812497,NCT02563002,CRC,control,control,18,5.41362531998678,60.736329706,307,154,66.6,63,52.1,54.9,UNK,UNK,UNK,UNK,UNK
1,10,20,33812497,NCT02563002,CRC,control,control,27,5.94417043498946,61.751050788,307,154,66.6,63,52.1,54.9,UNK,UNK,UNK,UNK,UNK
1,10,20,33812497,NCT02563002,CRC,control,control,36,4.79155834157558,59.534706153,307,154,66.6,63,52.1,54.9,UNK,UNK,UNK,UNK,UNK
1,10,20,33812497,NCT02563002,CRC,control,control,45,4.58374782411677,59.130647986,307,154,66.6,63,52.1,54.9,UNK,UNK,UNK,UNK,UNK
34,11,21,36202690,NCT03553836,Melanoma,Pembrolizumab,ICI,0,32.0448023568366,81.94,NA,449,81.94,60,61.5,93.2,6.8,0,99.2,0.8,0
34,11,21,36202690,NCT03553836,Melanoma,Pembrolizumab,ICI,12,25.0714412934584,78.15040724,NA,387,81.94,60,61.5,93.2,6.8,0,99.2,0.8,0
34,11,21,36202690,NCT03553836,Melanoma,Pembrolizumab,ICI,24,23.3140591710289,77.390064641,NA,359,81.94,60,61.5,93.2,6.8,0,99.2,0.8,0
34,11,21,36202690,NCT03553836,Melanoma,Pembrolizumab,ICI,36,21.6977300508251,76.850471881,NA,327,81.94,60,61.5,93.2,6.8,0,99.2,0.8,0
34,11,21,36202690,NCT03553836,Melanoma,Pembrolizumab,ICI,48,22.6144146328261,78.076877828,NA,317,81.94,60,61.5,93.2,6.8,0,99.2,0.8,0
34,11,21,36202690,NCT03553836,Melanoma,Pembrolizumab,ICI,60,20.7092447595592,78.530659341,NA,255,81.94,60,61.5,93.2,6.8,0,99.2,0.8,0
34,11,21,36202690,NCT03553836,Melanoma,Pembrolizumab,ICI,72,18.9125439754928,79.204867485,NA,200,81.94,60,61.5,93.2,6.8,0,99.2,0.8,0
34,11,21,36202690,NCT03553836,Melanoma,Pembrolizumab,ICI,84,16.4921110953453,78.444524887,NA,163,81.94,60,61.5,93.2,6.8,0,99.2,0.8,0
34,11,21,36202690,NCT03553836,Melanoma,Pembrolizumab,ICI,96,13.8504252269733,78.346593407,NA,116,81.94,60,61.5,93.2,6.8,0,99.2,0.8,0
34,11,21,36202690,NCT03553836,Melanoma,Pembrolizumab,ICI,120,4.03634504925233,71.62632838,NA,19,81.94,60,61.5,93.2,6.8,0,99.2,0.8,0
34,11,22,36202690,NCT03553836,Melanoma,control,control,0,31.0236941360583,80.97,NA,459,80.97,61,59.1,92.4,7.6,0,99.8,0.2,0
34,11,22,36202690,NCT03553836,Melanoma,control,control,12,27.6463100626478,79.449318735,NA,418,80.97,61,59.1,92.4,7.6,0,99.8,0.2,0
34,11,22,36202690,NCT03553836,Melanoma,control,control,24,26.2248011226354,79.570973236,NA,372,80.97,61,59.1,92.4,7.6,0,99.8,0.2,0
34,11,22,36202690,NCT03553836,Melanoma,control,control,36,25.4738326664151,79.570973236,NA,351,80.97,61,59.1,92.4,7.6,0,99.8,0.2,0
34,11,22,36202690,NCT03553836,Melanoma,control,control,48,26.0026051412267,80.057591241,NA,350,80.97,61,59.1,92.4,7.6,0,99.8,0.2,0
34,11,22,36202690,NCT03553836,Melanoma,control,control,60,20.9028679520184,79.084355231,NA,247,80.97,61,59.1,92.4,7.6,0,99.8,0.2,0
34,11,22,36202690,NCT03553836,Melanoma,control,control,72,18.7150070708672,79.084355231,NA,198,80.97,61,59.1,92.4,7.6,0,99.8,0.2,0
34,11,22,36202690,NCT03553836,Melanoma,control,control,84,15.3039817199698,77.867810219,NA,148,80.97,61,59.1,92.4,7.6,0,99.8,0.2,0
34,11,22,36202690,NCT03553836,Melanoma,control,control,96,14.8104496139889,79.084355231,NA,124,80.97,61,59.1,92.4,7.6,0,99.8,0.2,0
34,11,22,36202690,NCT03553836,Melanoma,control,control,120,7.26180548159915,80.179245742,NA,27,80.97,61,59.1,92.4,7.6,0,99.8,0.2,0
31,13,25,39146951,NCT02362594,Melanoma,Pembrolizumab,ICI,0,27.1872582979881,77.55,NA,481,77.55,54,61.5,51.8,UNK,0,0,100,0
31,13,25,39146951,NCT02362594,Melanoma,Pembrolizumab,ICI,12,24.9729968335078,75.743548387,NA,481,77.55,54,61.5,51.8,UNK,0,0,100,0
31,13,25,39146951,NCT02362594,Melanoma,Pembrolizumab,ICI,24,23.7580357185246,74.711290323,NA,481,77.55,54,61.5,51.8,UNK,0,0,100,0
31,13,25,39146951,NCT02362594,Melanoma,Pembrolizumab,ICI,36,22.1879489748404,73.334946237,NA,481,77.55,54,61.5,51.8,UNK,0,0,100,0
31,13,25,39146951,NCT02362594,Melanoma,Pembrolizumab,ICI,48,21.232825662314,72.474731183,NA,481,77.55,54,61.5,51.8,UNK,0,0,100,0
31,13,25,39146951,NCT02362594,Melanoma,Pembrolizumab,ICI,60,23.2615360622212,74.281182796,NA,481,77.55,54,61.5,51.8,UNK,0,0,100,0
31,13,25,39146951,NCT02362594,Melanoma,Pembrolizumab,ICI,72,24.6660469705262,75.485483871,NA,481,77.55,54,61.5,51.8,UNK,0,0,100,0
31,13,25,39146951,NCT02362594,Melanoma,Pembrolizumab,ICI,84,24.7681193900033,75.571505376,NA,481,77.55,54,61.5,51.8,UNK,0,0,100,0
31,13,25,39146951,NCT02362594,Melanoma,Pembrolizumab,ICI,96,25.3857385722922,76.087634409,NA,481,77.55,54,61.5,51.8,UNK,0,0,100,0
31,13,25,39146951,NCT02362594,Melanoma,Pembrolizumab,ICI,108,27.7328148782851,77.980107527,NA,481,77.55,54,61.5,51.8,UNK,0,0,100,0
31,13,25,39146951,NCT02362594,Melanoma,Pembrolizumab,ICI,120,26.1179680923197,76.689784946,NA,481,77.55,54,61.5,51.8,UNK,0,0,100,0
31,13,25,39146951,NCT02362594,Melanoma,Pembrolizumab,ICI,144,27.0790692998971,77.464,NA,481,77.55,54,61.5,51.8,UNK,0,0,100,0
31,13,25,39146951,NCT02362594,Melanoma,Pembrolizumab,ICI,168,26.5423004334555,77.033870968,NA,481,77.55,54,61.5,51.8,UNK,0,0,100,0
31,13,25,39146951,NCT02362594,Melanoma,Pembrolizumab,ICI,192,26.2236388314155,76.775806452,NA,481,77.55,54,61.5,51.8,UNK,0,0,100,0
31,13,26,39146951,NCT02362594,Melanoma,control,control,0,25.5544006669209,76.54,NA,467,76.54,54,61.5,51.8,UNK,0,0,100,0
31,13,26,39146951,NCT02362594,Melanoma,control,control,12,27.3542608582242,78.002365591,NA,467,76.54,54,61.5,51.8,UNK,0,0,100,0
31,13,26,39146951,NCT02362594,Melanoma,control,control,24,25.6580326109276,76.626,NA,467,76.54,54,61.5,51.8,UNK,0,0,100,0
31,13,26,39146951,NCT02362594,Melanoma,control,control,36,24.7344343275378,75.851827957,NA,467,76.54,54,61.5,51.8,UNK,0,0,100,0
31,13,26,39146951,NCT02362594,Melanoma,control,control,48,24.5319482908654,75.679784946,NA,467,76.54,54,61.5,51.8,UNK,0,0,100,0
31,13,26,39146951,NCT02362594,Melanoma,control,control,60,25.4510318445242,76.454,NA,467,76.54,54,61.5,51.8,UNK,0,0,100,0
31,13,26,39146951,NCT02362594,Melanoma,control,control,72,28.0098622392571,78.518494624,NA,467,76.54,54,61.5,51.8,UNK,0,0,100,0
31,13,26,39146951,NCT02362594,Melanoma,control,control,84,28.0098622392571,78.518494624,NA,467,76.54,54,61.5,51.8,UNK,0,0,100,0
31,13,26,39146951,NCT02362594,Melanoma,control,control,96,27.6806563420622,78.260430108,NA,467,76.54,54,61.5,51.8,UNK,0,0,100,0
31,13,26,39146951,NCT02362594,Melanoma,control,control,108,27.2460742819521,77.916344086,NA,467,76.54,54,61.5,51.8,UNK,0,0,100,0
31,13,26,39146951,NCT02362594,Melanoma,control,control,120,27.6806563420622,78.260430108,NA,467,76.54,54,61.5,51.8,UNK,0,0,100,0
31,13,26,39146951,NCT02362594,Melanoma,control,control,144,28.1202349885371,78.604516129,NA,467,76.54,54,61.5,51.8,UNK,0,0,100,0
31,13,26,39146951,NCT02362594,Melanoma,control,control,168,29.1284980471062,79.378709677,NA,467,76.54,54,61.5,51.8,UNK,0,0,100,0
31,13,26,39146951,NCT02362594,Melanoma,control,control,192,30.7543031108146,80.583010753,NA,467,76.54,54,61.5,51.8,UNK,0,0,100,0
54,14,27,27596353,NCT01704287,Melanoma,Pembrolizumab,ICI,0,8.73885558590186,66.2,NA,169,66.2,62,58,56,44,0,0,UNK,73.2
54,14,27,27596353,NCT01704287,Melanoma,Pembrolizumab,ICI,3,6.91181300425132,63.291139241,NA,161,66.2,62,58,56,44,0,0,UNK,73.2
54,14,27,27596353,NCT01704287,Melanoma,Pembrolizumab,ICI,6,7.86488223085766,65.82278481,NA,144,66.2,62,58,56,44,0,0,UNK,73.2
54,14,27,27596353,NCT01704287,Melanoma,Pembrolizumab,ICI,12,7.64508717525962,66.772151899,NA,120,66.2,62,58,56,44,0,0,UNK,73.2
54,14,27,27596353,NCT01704287,Melanoma,Pembrolizumab,ICI,24,6.97362654561004,68.35443038,NA,82,66.2,62,58,56,44,0,0,UNK,73.2
54,14,27,27596353,NCT01704287,Melanoma,Pembrolizumab,ICI,36,4.17378768966397,67.405063291,NA,33,66.2,62,58,56,44,0,0,UNK,73.2
54,14,28,27596353,NCT01704287,Melanoma,Pembrolizumab,ICI,0,6.84274442807241,62.9,NA,168,62.9,60,60,54,46,0,0,UNK,73.2
54,14,28,27596353,NCT01704287,Melanoma,Pembrolizumab,ICI,3,7.16800714488824,63.924050633,NA,157,62.9,60,60,54,46,0,0,UNK,73.2
54,14,28,27596353,NCT01704287,Melanoma,Pembrolizumab,ICI,6,6.58196350418478,63.291139241,NA,146,62.9,60,60,54,46,0,0,UNK,73.2
54,14,28,27596353,NCT01704287,Melanoma,Pembrolizumab,ICI,12,6.57257527819815,63.924050633,NA,132,62.9,60,60,54,46,0,0,UNK,73.2
54,14,28,27596353,NCT01704287,Melanoma,Pembrolizumab,ICI,24,6.3052497854581,65.189873418,NA,101,62.9,60,60,54,46,0,0,UNK,73.2
54,14,28,27596353,NCT01704287,Melanoma,Pembrolizumab,ICI,36,5.36684261438597,70.253164557,NA,39,62.9,60,60,54,46,0,0,UNK,73.2
54,14,29,27596353,NCT01704287,Melanoma,control,control,0,7.16322583633199,64,NA,155,64,63,64,55,45,0,0,UNK,73.2
54,14,29,27596353,NCT01704287,Melanoma,control,control,3,4.11554511467427,58.860759494,NA,132,64,63,64,55,45,0,0,UNK,73.2
54,14,29,27596353,NCT01704287,Melanoma,control,control,6,6.01670830886067,63.291139241,NA,122,64,63,64,55,45,0,0,UNK,73.2
54,14,29,27596353,NCT01704287,Melanoma,control,control,12,3.58699237129318,58.544303797,NA,108,64,63,64,55,45,0,0,UNK,73.2
54,14,29,27596353,NCT01704287,Melanoma,control,control,24,1.54824472647179,56.329113924,NA,37,64,63,64,55,45,0,0,UNK,73.2
54,14,29,27596353,NCT01704287,Melanoma,control,control,36,2.49625351465832,63.291139241,NA,21,64,63,64,55,45,0,0,UNK,73.2
18,15,30,35381576,NCT02358031,HNSCC,Pembrolizumab,ICI,0,7.89356043052549,61.31,NA,294,61.31,62,83,39,61,0,0,0,100
18,15,30,35381576,NCT02358031,HNSCC,Pembrolizumab,ICI,3,7.70310364709753,61.876037736,NA,253,61.31,62,83,39,61,0,0,0,100
18,15,30,35381576,NCT02358031,HNSCC,Pembrolizumab,ICI,6,7.64225046717565,62.442075472,NA,226,61.31,62,83,39,61,0,0,0,100
18,15,30,35381576,NCT02358031,HNSCC,Pembrolizumab,ICI,9,7.82707336067008,63.008113208,NA,216,61.31,62,83,39,61,0,0,0,100
18,15,30,35381576,NCT02358031,HNSCC,Pembrolizumab,ICI,15,6.80132554894757,62.442075472,NA,179,61.31,62,83,39,61,0,0,0,100
18,15,30,35381576,NCT02358031,HNSCC,Pembrolizumab,ICI,21,6.37635862307108,63.385471698,NA,135,61.31,62,83,39,61,0,0,0,100
18,15,30,35381576,NCT02358031,HNSCC,Pembrolizumab,ICI,27,4.76299115989415,61.687358491,NA,100,61.31,62,83,39,61,0,0,0,100
18,15,30,35381576,NCT02358031,HNSCC,Pembrolizumab,ICI,33,4.47497653329152,62.253396226,NA,80,61.31,62,83,39,61,0,0,0,100
18,15,30,35381576,NCT02358031,HNSCC,Pembrolizumab,ICI,39,5.16519112192557,65.272264151,NA,67,61.31,62,83,39,61,0,0,0,100
18,15,30,35381576,NCT02358031,HNSCC,Pembrolizumab,ICI,45,4.6054445509993,64.328867925,NA,61,61.31,62,83,39,61,0,0,0,100
18,15,30,35381576,NCT02358031,HNSCC,Pembrolizumab,ICI,51,4.85209469701367,68.291132075,NA,40,61.31,62,83,39,61,0,0,0,100
18,15,31,35381576,NCT02358031,HNSCC,control,control,0,6.57582237200237,59.7,NA,280,59.7,61,87,39,61,0,0,0,100
18,15,31,35381576,NCT02358031,HNSCC,control,control,3,8.11640521539186,63.096226415,NA,229,59.7,61,87,39,61,0,0,0,100
18,15,31,35381576,NCT02358031,HNSCC,control,control,6,8.67856363896092,64.605660377,NA,208,59.7,61,87,39,61,0,0,0,100
18,15,31,35381576,NCT02358031,HNSCC,control,control,9,7.85229768165958,63.28490566,NA,208,59.7,61,87,39,61,0,0,0,100
18,15,31,35381576,NCT02358031,HNSCC,control,control,15,6.38177976386023,61.964150943,NA,171,59.7,61,87,39,61,0,0,0,100
18,15,31,35381576,NCT02358031,HNSCC,control,control,21,6.97449868112023,64.228301887,NA,142,59.7,61,87,39,61,0,0,0,100
18,15,31,35381576,NCT02358031,HNSCC,control,control,27,5.44384523483248,62.530188679,NA,113,59.7,61,87,39,61,0,0,0,100
18,15,31,35381576,NCT02358031,HNSCC,control,control,33,3.35357505942405,59.888679245,NA,70,59.7,61,87,39,61,0,0,0,100
18,15,31,35381576,NCT02358031,HNSCC,control,control,39,4.71118975458583,66.869811321,NA,45,59.7,61,87,39,61,0,0,0,100
18,15,31,35381576,NCT02358031,HNSCC,control,control,45,3.25078132948141,64.416981132,NA,30,59.7,61,87,39,61,0,0,0,100
18,15,31,35381576,NCT02358031,HNSCC,control,control,51,6.49145079501301,72.90754717,NA,43,59.7,61,87,39,61,0,0,0,100
18,15,32,35381576,NCT02358031,HNSCC,Pembrolizumab,ICI,0,8.17674078518186,62.19,NA,270,62.19,61,80,40,60,0,0,0,100
18,15,32,35381576,NCT02358031,HNSCC,Pembrolizumab,ICI,3,6.14046165910173,60.319032258,NA,215,62.19,61,80,40,60,0,0,0,100
18,15,32,35381576,NCT02358031,HNSCC,Pembrolizumab,ICI,6,7.50628797077347,63.028709677,NA,198,62.19,61,80,40,60,0,0,0,100
18,15,32,35381576,NCT02358031,HNSCC,Pembrolizumab,ICI,9,6.9772432758167,62.060967742,NA,201,62.19,61,80,40,60,0,0,0,100
18,15,32,35381576,NCT02358031,HNSCC,Pembrolizumab,ICI,15,6.32161159919969,62.060967742,NA,165,62.19,61,80,40,60,0,0,0,100
18,15,32,35381576,NCT02358031,HNSCC,Pembrolizumab,ICI,21,6.90252166045704,63.996451613,NA,144,62.19,61,80,40,60,0,0,0,100
18,15,32,35381576,NCT02358031,HNSCC,Pembrolizumab,ICI,27,5.66364485625904,62.448064516,NA,124,62.19,61,80,40,60,0,0,0,100
18,15,32,35381576,NCT02358031,HNSCC,Pembrolizumab,ICI,33,5.50096866641585,63.415806452,NA,100,62.19,61,80,40,60,0,0,0,100
18,15,32,35381576,NCT02358031,HNSCC,Pembrolizumab,ICI,39,5.41266877093118,64.770645161,NA,79,62.19,61,80,40,60,0,0,0,100
18,15,32,35381576,NCT02358031,HNSCC,Pembrolizumab,ICI,45,4.0036760818072,62.641612903,NA,60,62.19,61,80,40,60,0,0,0,100
18,15,32,35381576,NCT02358031,HNSCC,Pembrolizumab,ICI,51,2.96119355991443,60.319032258,NA,50,62.19,61,80,40,60,0,0,0,100
20,16,33,29590008,NCT02256436,Urothelial,Pembrolizumab,ICI,0,4.00183136221189,61.5,NA,73,61.5,67,74.1,44.1,53,0,0,0,100
20,16,33,29590008,NCT02256436,Urothelial,Pembrolizumab,ICI,3,4.17052544949319,61.96641791,NA,73,61.5,67,74.1,44.1,53,0,0,0,100
20,16,33,29590008,NCT02256436,Urothelial,Pembrolizumab,ICI,6,3.98162929985861,61.444,NA,73,61.5,67,74.1,44.1,53,0,0,0,100
20,16,33,29590008,NCT02256436,Urothelial,Pembrolizumab,ICI,9,3.56004541891613,60.268656716,NA,73,61.5,67,74.1,44.1,53,0,0,0,100
20,16,33,29590008,NCT02256436,Urothelial,Pembrolizumab,ICI,15,4.21790165176758,62.097014925,NA,73,61.5,67,74.1,44.1,53,0,0,0,100
20,16,33,29590008,NCT02256436,Urothelial,Pembrolizumab,ICI,21,3.60666992993847,60.399253731,NA,73,61.5,67,74.1,44.1,53,0,0,0,100
20,16,33,29590008,NCT02256436,Urothelial,Pembrolizumab,ICI,27,3.65334741872093,60.529850746,NA,73,61.5,67,74.1,44.1,53,0,0,0,100
20,16,33,29590008,NCT02256436,Urothelial,Pembrolizumab,ICI,33,5.13115578095609,64.578358209,NA,73,61.5,67,74.1,44.1,53,0,0,0,100
20,16,33,29590008,NCT02256436,Urothelial,Pembrolizumab,ICI,39,5.13614947728654,64.317164179,NA,76,61.5,67,74.1,44.1,53,0,0,0,100
20,16,33,29590008,NCT02256436,Urothelial,Pembrolizumab,ICI,45,5.43529038868997,65.100746269,NA,76,61.5,67,74.1,44.1,53,0,0,0,100
20,16,33,29590008,NCT02256436,Urothelial,Pembrolizumab,ICI,51,5.13614947728654,64.317164179,NA,76,61.5,67,74.1,44.1,53,0,0,0,100
20,16,34,29590008,NCT02256436,Urothelial,control,control,0,3.24510838205949,59.2,NA,76,59.2,65,74.3,39,58.1,0,0,0,100
20,16,34,29590008,NCT02256436,Urothelial,control,control,3,2.01347600346551,55.748507463,NA,76,59.2,65,74.3,39,58.1,0,0,0,100
20,16,34,29590008,NCT02256436,Urothelial,control,control,6,1.78305935827795,55.095522388,NA,76,59.2,65,74.3,39,58.1,0,0,0,100
20,16,34,29590008,NCT02256436,Urothelial,control,control,9,1.09519646802404,53.136567164,NA,76,59.2,65,74.3,39,58.1,0,0,0,100
20,16,34,29590008,NCT02256436,Urothelial,control,control,15,0.68424277634312,51.96119403,NA,76,59.2,65,74.3,39,58.1,0,0,0,100
20,16,34,29590008,NCT02256436,Urothelial,control,control,21,1.25272447679805,53.658955224,NA,73,59.2,65,74.3,39,58.1,0,0,0,100
20,16,34,29590008,NCT02256436,Urothelial,control,control,27,-0.177772700135313,49.479850746,NA,73,59.2,65,74.3,39,58.1,0,0,0,100
20,16,34,29590008,NCT02256436,Urothelial,control,control,33,0.313230199694615,50.91641791,NA,73,59.2,65,74.3,39,58.1,0,0,0,100
20,16,34,29590008,NCT02256436,Urothelial,control,control,39,-0.177772700135313,49.479850746,NA,73,59.2,65,74.3,39,58.1,0,0,0,100
20,16,34,29590008,NCT02256436,Urothelial,control,control,45,-0.758491150847432,47.78208955,NA,73,59.2,65,74.3,39,58.1,0,0,0,100
20,16,34,29590008,NCT02256436,Urothelial,control,control,51,2.29066366198288,56.662686567,NA,73,59.2,65,74.3,39,58.1,0,0,0,100
8,17,35,38215355,NCT03288545,Urothelial,control,control,0,4.58393677226724,63.1,NA,73,63.1,74,76.7,51.8,UNK,UNK,UNK,UNK,73.2
8,17,35,38215355,NCT03288545,Urothelial,control,control,4,5.71659168966069,66.129632994,NA,73,63.1,74,76.7,51.8,UNK,UNK,UNK,UNK,73.2
8,17,35,38215355,NCT03288545,Urothelial,control,control,8,5.59927739124913,65.821412444,NA,73,63.1,74,76.7,51.8,UNK,UNK,UNK,UNK,73.2
8,17,35,38215355,NCT03288545,Urothelial,control,control,12,4.46607100134657,62.778218814,NA,73,63.1,74,76.7,51.8,UNK,UNK,UNK,UNK,73.2
8,17,35,38215355,NCT03288545,Urothelial,control,control,15,6.86070875343313,69.061268688,NA,73,63.1,74,76.7,51.8,UNK,UNK,UNK,UNK,73.2
8,17,35,38215355,NCT03288545,Urothelial,control,control,18,6.76842089165576,68.830003073,NA,73,63.1,74,76.7,51.8,UNK,UNK,UNK,UNK,73.2
8,17,35,38215355,NCT03288545,Urothelial,control,control,21,5.20454332922351,64.497012652,NA,76,63.1,74,76.7,51.8,UNK,UNK,UNK,UNK,73.2
8,17,35,38215355,NCT03288545,Urothelial,control,control,24,5.48537417310584,65.231157397,NA,76,63.1,74,76.7,51.8,UNK,UNK,UNK,UNK,73.2
8,17,36,38215355,NCT03288545,Urothelial,Pembrolizumab,ICI,0,5.20568068498095,64.5,NA,76,64.5,71,71.1,51.8,UNK,UNK,UNK,UNK,73.2
8,17,36,38215355,NCT03288545,Urothelial,Pembrolizumab,ICI,4,4.1668422446555,61.726830752,NA,76,64.5,71,71.1,51.8,UNK,UNK,UNK,UNK,73.2
8,17,36,38215355,NCT03288545,Urothelial,Pembrolizumab,ICI,8,4.93796491130403,63.793748953,NA,76,64.5,71,71.1,51.8,UNK,UNK,UNK,UNK,73.2
8,17,36,38215355,NCT03288545,Urothelial,Pembrolizumab,ICI,12,4.48328700984785,62.580652697,NA,76,64.5,71,71.1,51.8,UNK,UNK,UNK,UNK,73.2
8,17,36,38215355,NCT03288545,Urothelial,Pembrolizumab,ICI,15,4.53861372029604,62.729149219,NA,76,64.5,71,71.1,51.8,UNK,UNK,UNK,UNK,73.2
8,17,36,38215355,NCT03288545,Urothelial,Pembrolizumab,ICI,18,5.84471089270502,66.160040375,NA,76,64.5,71,71.1,51.8,UNK,UNK,UNK,UNK,73.2
8,17,36,38215355,NCT03288545,Urothelial,Pembrolizumab,ICI,21,6.53076304362281,68.230132144,NA,73,64.5,71,71.1,51.8,UNK,UNK,UNK,UNK,73.2
8,17,36,38215355,NCT03288545,Urothelial,Pembrolizumab,ICI,24,5.72062498099312,66.140205577,NA,73,64.5,71,71.1,51.8,UNK,UNK,UNK,UNK,73.2
103,19,39,39288781,NCT03425643,NSCLC,Pembrolizumab,ICI,0,20.0944408568749,73.5,NA,388,73.5,63,70,64,36,0,30,70,0
103,19,39,39288781,NCT03425643,NSCLC,Pembrolizumab,ICI,11,10.2564717152071,63.520366599,NA,342,73.5,63,70,64,36,0,30,70,0
103,19,39,39288781,NCT03425643,NSCLC,Pembrolizumab,ICI,12,12.4123214521585,67.186354379,NA,300,73.5,63,70,64,36,0,30,70,0
103,19,39,39288781,NCT03425643,NSCLC,Pembrolizumab,ICI,15,13.29427395431,69.223014257,NA,269,73.5,63,70,64,36,0,30,70,0
103,19,39,39288781,NCT03425643,NSCLC,Pembrolizumab,ICI,18,13.3794232012973,69.630346232,NA,260,73.5,63,70,64,36,0,30,70,0
103,19,39,39288781,NCT03425643,NSCLC,Pembrolizumab,ICI,21,14.1661081322088,70.445010183,NA,266,73.5,63,70,64,36,0,30,70,0
103,19,39,39288781,NCT03425643,NSCLC,Pembrolizumab,ICI,30,13.3150764807627,70.445010183,NA,235,73.5,63,70,64,36,0,30,70,0
103,19,39,39288781,NCT03425643,NSCLC,Pembrolizumab,ICI,39,13.6072022121177,71.66700611,NA,215,73.5,63,70,64,36,0,30,70,0
103,19,39,39288781,NCT03425643,NSCLC,Pembrolizumab,ICI,48,15.1792657063021,73.296334012,NA,226,73.5,63,70,64,36,0,30,70,0
103,19,39,39288781,NCT03425643,NSCLC,Pembrolizumab,ICI,64,14.8303402879573,74.518329939,NA,191,73.5,63,70,64,36,0,30,70,0
103,19,39,39288781,NCT03425643,NSCLC,Pembrolizumab,ICI,80,12.6274522483432,72.481670061,NA,170,73.5,63,70,64,36,0,30,70,0
103,19,39,39288781,NCT03425643,NSCLC,Pembrolizumab,ICI,96,12.664507472379,73.703665988,NA,151,73.5,63,70,64,36,0,30,70,0
103,19,39,39288781,NCT03425643,NSCLC,Pembrolizumab,ICI,112,11.9913065078688,74.925661914,NA,120,73.5,63,70,64,36,0,30,70,0
103,19,39,39288781,NCT03425643,NSCLC,Pembrolizumab,ICI,128,10.4932113742104,73.296334012,NA,108,73.5,63,70,64,36,0,30,70,0
103,19,39,39288781,NCT03425643,NSCLC,Pembrolizumab,ICI,144,9.63940851922696,74.110997963,NA,84,73.5,63,70,64,36,0,30,70,0
103,19,39,39288781,NCT03425643,NSCLC,Pembrolizumab,ICI,160,9.273943826739,75.33299389,NA,69,73.5,63,70,64,36,0,30,70,0
103,19,39,39288781,NCT03425643,NSCLC,Pembrolizumab,ICI,196,4.40697640283604,68.815682281,NA,31,73.5,63,70,64,36,0,30,70,0
103,19,39,39288781,NCT03425643,NSCLC,Pembrolizumab,ICI,222,4.44722713907852,72.074338086,NA,22,73.5,63,70,64,36,0,30,70,0
103,19,39,39288781,NCT03425643,NSCLC,Pembrolizumab,ICI,248,2.29473181945144,78.99898167,NA,3,73.5,63,70,64,36,0,30,70,0
103,19,40,39288781,NCT03425643,NSCLC,control,control,0,19.4672071427086,72.8,NA,391,72.8,64,71,62,39,0,30,70,0
103,19,40,39288781,NCT03425643,NSCLC,control,control,11,9.99210896764668,63.0439024,NA,350,72.8,64,71,62,39,0,30,70,0
103,19,40,39288781,NCT03425643,NSCLC,control,control,12,12.650403798721,67.5154472,NA,299,72.8,64,71,62,39,0,30,70,0
103,19,40,39288781,NCT03425643,NSCLC,control,control,15,13.5598882924349,70.3609756,NA,246,72.8,64,71,62,39,0,30,70,0
103,19,40,39288781,NCT03425643,NSCLC,control,control,18,14.2807752824759,71.5804878,NA,239,72.8,64,71,62,39,0,30,70,0
103,19,40,39288781,NCT03425643,NSCLC,control,control,21,13.2013647291393,69.9544715,NA,244,72.8,64,71,62,39,0,30,70,0
103,19,40,39288781,NCT03425643,NSCLC,control,control,30,12.6472308238212,70.3609756,NA,214,72.8,64,71,62,39,0,30,70,0
103,19,40,39288781,NCT03425643,NSCLC,control,control,39,12.7503596464937,71.1739837,NA,199,72.8,64,71,62,39,0,30,70,0
103,19,40,39288781,NCT03425643,NSCLC,control,control,48,13.7829857466097,72.8,NA,196,72.8,64,71,62,39,0,30,70,0
103,19,40,39288781,NCT03425643,NSCLC,control,control,64,10.6461877515587,70.7674797,NA,145,72.8,64,71,62,39,0,30,70,0
103,19,40,39288781,NCT03425643,NSCLC,control,control,80,10.1053393741212,71.1739837,NA,125,72.8,64,71,62,39,0,30,70,0
103,19,40,39288781,NCT03425643,NSCLC,control,control,96,8.23731586217176,69.9544715,NA,95,72.8,64,71,62,39,0,30,70,0
103,19,40,39288781,NCT03425643,NSCLC,control,control,112,7.90778973928831,70.7674797,NA,80,72.8,64,71,62,39,0,30,70,0
103,19,40,39288781,NCT03425643,NSCLC,control,control,128,6.19913180278252,68.3284553,NA,65,72.8,64,71,62,39,0,30,70,0
103,19,40,39288781,NCT03425643,NSCLC,control,control,144,6.62838561414482,74.83252033,NA,37,72.8,64,71,62,39,0,30,70,0
103,19,40,39288781,NCT03425643,NSCLC,control,control,160,4.99986109434581,69.9544715,NA,35,72.8,64,71,62,39,0,30,70,0
103,19,40,39288781,NCT03425643,NSCLC,control,control,196,3.58558621359605,69.9544715,NA,18,72.8,64,71,62,39,0,30,70,0
103,19,40,39288781,NCT03425643,NSCLC,control,control,222,1.36209855566487,60.604878,NA,10,72.8,64,71,62,39,0,30,70,0
103,19,40,39288781,NCT03425643,NSCLC,control,control,248,1.84668794056279,69.5479675,NA,5,72.8,64,71,62,39,0,30,70,0
122,21,42,37557022,NA,NSCLC,Pembrolizumab,ICI,0,13.9347483589181,83.62982227,NA,73,83.62982227,78.099999999999994,85.5,24.3,75.7,0,0,8.1,91.9
122,21,42,37557022,NA,NSCLC,Pembrolizumab,ICI,9,13.2269233675242,85.41492347,NA,56,83.62982227,78.099999999999994,85.5,24.3,75.7,0,0,8.1,91.9
122,21,42,37557022,NA,NSCLC,Pembrolizumab,ICI,18,11.4404249615718,85.387169391,NA,42,83.62982227,78.099999999999994,85.5,24.3,75.7,0,0,8.1,91.9
122,21,42,37557022,NA,NSCLC,Pembrolizumab,ICI,27,11.5747253777672,87.921836291,NA,34,83.62982227,78.099999999999994,85.5,24.3,75.7,0,0,8.1,91.9
122,21,42,37557022,NA,NSCLC,Pembrolizumab,ICI,36,11.2081869955693,90.78667393,NA,24,83.62982227,78.099999999999994,85.5,24.3,75.7,0,0,8.1,91.9
122,21,42,37557022,NA,NSCLC,Pembrolizumab,ICI,45,10.0791972670562,89.10642147,NA,23,83.62982227,78.099999999999994,85.5,24.3,75.7,0,0,8.1,91.9
122,21,42,37557022,NA,NSCLC,Pembrolizumab,ICI,51,9.73389323388216,90.31834956,NA,19,83.62982227,78.099999999999994,85.5,24.3,75.7,0,0,8.1,91.9
134,22,68,35488720,NA,NSCLC,Pembrolizumab,ICI,0,-9.94463793101313,9.267042177,NA,19,9.267042177,78,69.3,51.8,UNK,0,0,19.2,53.9
134,22,68,35488720,NA,NSCLC,Pembrolizumab,ICI,9,-7.72832298443027,10.494477715,NA,13,9.267042177,78,69.3,51.8,UNK,0,0,19.2,53.9
134,22,68,35488720,NA,NSCLC,Pembrolizumab,ICI,18,-8.32931067614476,9.028704488,NA,13,9.267042177,78,69.3,51.8,UNK,0,0,19.2,53.9
134,22,68,35488720,NA,NSCLC,Pembrolizumab,ICI,36,-6.28758709758224,9.770421061,NA,8,9.267042177,78,69.3,51.8,UNK,0,0,19.2,53.9
134,22,68,35488720,NA,NSCLC,Pembrolizumab,ICI,54,-5.74141396134978,10.247238857,NA,7,9.267042177,78,69.3,51.8,UNK,0,0,19.2,53.9
134,22,68,35488720,NA,NSCLC,Pembrolizumab,ICI,72,-4.51094124635705,9.487862366,NA,4,9.267042177,78,69.3,51.8,UNK,0,0,19.2,53.9
158,23,43,32035514,NCT02578680,NSCLC,Pembrolizumab,ICI,0,9.27561479922799,62,NA,359,62,65,62,45.4,53.9,0,0,0,100
158,23,43,32035514,NCT02578680,NSCLC,Pembrolizumab,ICI,3,9.10027482224381,62.358490566,NA,325,62,65,62,45.4,53.9,0,0,0,100
158,23,43,32035514,NCT02578680,NSCLC,Pembrolizumab,ICI,6,10.0268537479644,63.971698113,NA,305,62,65,62,45.4,53.9,0,0,0,100
158,23,43,32035514,NCT02578680,NSCLC,Pembrolizumab,ICI,9,9.62427271245704,63.971698113,NA,281,62,65,62,45.4,53.9,0,0,0,100
158,23,43,32035514,NCT02578680,NSCLC,Pembrolizumab,ICI,12,8.73581305067798,62.613207547,NA,287,62,65,62,45.4,53.9,0,0,0,100
158,23,43,32035514,NCT02578680,NSCLC,Pembrolizumab,ICI,21,7.72081385610833,62.783018868,NA,218,62,65,62,45.4,53.9,0,0,0,100
158,23,43,32035514,NCT02578680,NSCLC,Pembrolizumab,ICI,30,7.62571436800263,63.660377358,NA,185,62,65,62,45.4,53.9,0,0,0,100
158,23,44,32035514,NCT02578680,NSCLC,control,control,0,5.7761536917062,60.6,NA,180,60.6,63.5,52.9,38.799999999999997,60.7,0,0,0,100
158,23,44,32035514,NCT02578680,NSCLC,control,control,3,5.34272533784257,60.6,NA,154,60.6,63.5,52.9,38.799999999999997,60.7,0,0,0,100
158,23,44,32035514,NCT02578680,NSCLC,control,control,6,5.53007484598123,61.637735849,NA,136,60.6,63.5,52.9,38.799999999999997,60.7,0,0,0,100
158,23,44,32035514,NCT02578680,NSCLC,control,control,9,5.80028520596104,62.543396226,NA,128,60.6,63.5,52.9,38.799999999999997,60.7,0,0,0,100
158,23,44,32035514,NCT02578680,NSCLC,control,control,12,4.30819175195641,59.232075472,NA,133,60.6,63.5,52.9,38.799999999999997,60.7,0,0,0,100
158,23,44,32035514,NCT02578680,NSCLC,control,control,21,2.50377941609521,56.996226415,NA,79,60.6,63.5,52.9,38.799999999999997,60.7,0,0,0,100
158,23,44,32035514,NCT02578680,NSCLC,control,control,30,1.9437402168803,56.51509434,NA,55,60.6,63.5,52.9,38.799999999999997,60.7,0,0,0,100
161,24,45,31751163,NCT02775435,NSCLC,Pembrolizumab,ICI,0,9.48660463680603,63.9,NA,276,63.9,65,79.1,26.3,73.7,0,0,0,100
161,24,45,31751163,NCT02775435,NSCLC,Pembrolizumab,ICI,3,8.54755548220358,64.365116279,NA,209,63.9,65,79.1,26.3,73.7,0,0,0,100
161,24,45,31751163,NCT02775435,NSCLC,Pembrolizumab,ICI,6,8.54755548220358,64.365116279,NA,209,63.9,65,79.1,26.3,73.7,0,0,0,100
161,24,45,31751163,NCT02775435,NSCLC,Pembrolizumab,ICI,9,7.79908061736424,64.365116279,NA,174,63.9,65,79.1,26.3,73.7,0,0,0,100
161,24,45,31751163,NCT02775435,NSCLC,Pembrolizumab,ICI,12,8.21402950027394,64.923255814,NA,178,63.9,65,79.1,26.3,73.7,0,0,0,100
161,24,45,31751163,NCT02775435,NSCLC,Pembrolizumab,ICI,15,8.54874269878992,65.574418605,NA,176,63.9,65,79.1,26.3,73.7,0,0,0,100
161,24,45,31751163,NCT02775435,NSCLC,Pembrolizumab,ICI,18,9.37908177734455,67.062790698,NA,174,63.9,65,79.1,26.3,73.7,0,0,0,100
161,24,45,31751163,NCT02775435,NSCLC,Pembrolizumab,ICI,27,7.68228118671095,66.411627907,NA,127,63.9,65,79.1,26.3,73.7,0,0,0,100
161,24,45,31751163,NCT02775435,NSCLC,Pembrolizumab,ICI,36,5.43285089259609,65.481395349,NA,72,63.9,65,79.1,26.3,73.7,0,0,0,100
161,24,46,31751163,NCT02775435,NSCLC,control,control,0,8.65959711174438,62.7,NA,278,62.7,65,83.6,32,68,0,0,0,100
161,24,46,31751163,NCT02775435,NSCLC,control,control,3,7.298823793272,61.955813953,NA,224,62.7,65,83.6,32,68,0,0,0,100
161,24,46,31751163,NCT02775435,NSCLC,control,control,6,6.46360000349886,61.397674419,NA,194,62.7,65,83.6,32,68,0,0,0,100
161,24,46,31751163,NCT02775435,NSCLC,control,control,9,5.89603655626974,60.560465116,NA,189,62.7,65,83.6,32,68,0,0,0,100
161,24,46,31751163,NCT02775435,NSCLC,control,control,12,4.80605776849938,59.165116279,NA,168,62.7,65,83.6,32,68,0,0,0,100
161,24,46,31751163,NCT02775435,NSCLC,control,control,15,5.65395308153113,61.025581395,NA,159,62.7,65,83.6,32,68,0,0,0,100
161,24,46,31751163,NCT02775435,NSCLC,control,control,18,5.0810113241062,60.095348837,NA,154,62.7,65,83.6,32,68,0,0,0,100
161,24,46,31751163,NCT02775435,NSCLC,control,control,27,1.90978693423861,55.072093023,NA,88,62.7,65,83.6,32,68,0,0,0,100
161,24,46,31751163,NCT02775435,NSCLC,control,control,36,3.02088321275021,61.862790698,NA,39,62.7,65,83.6,32,68,0,0,0,100
169,25,47,30711649,NCT01905657,NSCLC,Pembrolizumab,ICI,0,9.03328065209862,62.4,NA,318,62.4,63,62,33,67,0,0,0,100
169,25,47,30711649,NCT01905657,NSCLC,Pembrolizumab,ICI,2,7.91245310894793,61.317567568,NA,295,62.4,63,62,33,67,0,0,0,100
169,25,47,30711649,NCT01905657,NSCLC,Pembrolizumab,ICI,6,8.6993601982552,62.668918919,NA,282,62.4,63,62,33,67,0,0,0,100
169,25,47,30711649,NCT01905657,NSCLC,Pembrolizumab,ICI,12,9.45851513367616,64.864864865,NA,238,62.4,63,62,33,67,0,0,0,100
169,25,47,30711649,NCT01905657,NSCLC,Pembrolizumab,ICI,24,8.67085921361684,66.891891892,NA,152,62.4,63,62,33,67,0,0,0,100
169,25,47,30711649,NCT01905657,NSCLC,Pembrolizumab,ICI,36,7.38489786435391,70.608108108,NA,71,62.4,63,62,33,67,0,0,0,100
169,25,48,30711649,NCT01905657,NSCLC,Pembrolizumab,ICI,0,9.91744691798083,63.7,NA,311,63.7,63,62,35,65,0,0,0,100
169,25,48,30711649,NCT01905657,NSCLC,Pembrolizumab,ICI,2,8.52658353125241,62.162162162,NA,295,63.7,63,62,35,65,0,0,0,100
169,25,48,30711649,NCT01905657,NSCLC,Pembrolizumab,ICI,6,7.90469906187107,61.655405405,NA,277,63.7,63,62,35,65,0,0,0,100
169,25,48,30711649,NCT01905657,NSCLC,Pembrolizumab,ICI,12,8.82634933257124,63.682432432,NA,247,63.7,63,62,35,65,0,0,0,100
169,25,48,30711649,NCT01905657,NSCLC,Pembrolizumab,ICI,24,9.01916422123073,67.567567568,NA,151,63.7,63,62,35,65,0,0,0,100
169,25,48,30711649,NCT01905657,NSCLC,Pembrolizumab,ICI,36,6.03791153026216,66.554054054,NA,77,63.7,63,62,35,65,0,0,0,100
169,25,49,30711649,NCT01905657,NSCLC,control,control,0,8.01856940344233,61.9,NA,273,61.9,62,61,34,65,0,0,0,100
169,25,49,30711649,NCT01905657,NSCLC,control,control,2,6.72319000320624,60.472972973,NA,250,61.9,62,61,34,65,0,0,0,100
169,25,49,30711649,NCT01905657,NSCLC,control,control,6,7.49603259835831,62.162162162,NA,228,61.9,62,61,34,65,0,0,0,100
169,25,49,30711649,NCT01905657,NSCLC,control,control,12,6.40738986746461,61.655405405,NA,182,61.9,62,61,34,65,0,0,0,100
169,25,49,30711649,NCT01905657,NSCLC,control,control,24,3.67353263292591,59.459459459,NA,92,61.9,62,61,34,65,0,0,0,100
169,25,49,30711649,NCT01905657,NSCLC,control,control,36,0.247767133839076,51.35135135,NA,21,61.9,62,61,34,65,0,0,0,100
169,25,50,30711649,NCT01905657,NSCLC,Pembrolizumab,ICI,0,5.46911971015155,61.9,NA,127,61.9,63,62,33,67,0,0,0,100
169,25,50,30711649,NCT01905657,NSCLC,Pembrolizumab,ICI,2,4.76815645854918,60.627681888,NA,122,61.9,63,62,33,67,0,0,0,100
169,25,50,30711649,NCT01905657,NSCLC,Pembrolizumab,ICI,6,7.10833266499334,66.187796209,NA,112,61.9,63,62,33,67,0,0,0,100
169,25,50,30711649,NCT01905657,NSCLC,Pembrolizumab,ICI,12,7.0127211766622,67.004571218,NA,98,61.9,63,62,33,67,0,0,0,100
169,25,50,30711649,NCT01905657,NSCLC,Pembrolizumab,ICI,24,7.62997048188721,71.340023376,NA,70,61.9,63,62,33,67,0,0,0,100
169,25,50,30711649,NCT01905657,NSCLC,Pembrolizumab,ICI,36,7.10110156899123,76.85790797,NA,35,61.9,63,62,33,67,0,0,0,100
169,25,51,30711649,NCT01905657,NSCLC,Pembrolizumab,ICI,0,6.53174569997693,63.6,NA,137,63.6,63,62,35,65,0,0,0,100
169,25,51,30711649,NCT01905657,NSCLC,Pembrolizumab,ICI,2,6.23001100205685,63.33018445,NA,130,63.6,63,62,35,65,0,0,0,100
169,25,51,30711649,NCT01905657,NSCLC,Pembrolizumab,ICI,6,6.09297397432155,63.147455809,NA,128,63.6,63,62,35,65,0,0,0,100
169,25,51,30711649,NCT01905657,NSCLC,Pembrolizumab,ICI,12,5.89242370131726,63.45707378,NA,114,63.6,63,62,35,65,0,0,0,100
169,25,51,30711649,NCT01905657,NSCLC,Pembrolizumab,ICI,24,7.24195669408368,69.312796209,NA,79,63.6,63,62,35,65,0,0,0,100
169,25,51,30711649,NCT01905657,NSCLC,Pembrolizumab,ICI,36,5.90792286719113,71.114464583,NA,43,63.6,63,62,35,65,0,0,0,100
169,25,52,30711649,NCT01905657,NSCLC,control,control,0,4.91081796477024,61.3,NA,114,61.3,62,61,34,65,0,0,0,100
169,25,52,30711649,NCT01905657,NSCLC,control,control,2,3.33770832058562,57.924979185,NA,109,61.3,62,61,34,65,0,0,0,100
169,25,52,30711649,NCT01905657,NSCLC,control,control,6,3.89869507493101,59.769077431,NA,97,61.3,62,61,34,65,0,0,0,100
169,25,52,30711649,NCT01905657,NSCLC,control,control,12,3.19654527548415,59.065382029,NA,76,61.3,62,61,34,65,0,0,0,100
169,25,52,30711649,NCT01905657,NSCLC,control,control,24,2.13555754198742,58.164347701,NA,42,61.3,62,61,34,65,0,0,0,100
169,25,52,30711649,NCT01905657,NSCLC,control,control,36,0.901848011004189,56.756356475,NA,11,61.3,62,61,34,65,0,0,0,100
176,26,53,29129441,NCT02142738,NSCLC,Pembrolizumab,ICI,0,5.99726677474502,62.2,NA,145,62.2,64.5,59.7,35.1,64.3,0,0,0,100
176,26,53,29129441,NCT02142738,NSCLC,Pembrolizumab,ICI,3,6.60535184814127,64.300977199,NA,126,62.2,64.5,59.7,35.1,64.3,0,0,0,100
176,26,53,29129441,NCT02142738,NSCLC,Pembrolizumab,ICI,6,6.15079179447244,63.84495114,NA,117,62.2,64.5,59.7,35.1,64.3,0,0,0,100
176,26,53,29129441,NCT02142738,NSCLC,Pembrolizumab,ICI,15,8.54020045740691,69.708143322,NA,105,62.2,64.5,59.7,35.1,64.3,0,0,0,100
176,26,53,29129441,NCT02142738,NSCLC,Pembrolizumab,ICI,24,8.45756503279624,70.62019544,NA,93,62.2,64.5,59.7,35.1,64.3,0,0,0,100
176,26,53,29129441,NCT02142738,NSCLC,Pembrolizumab,ICI,33,4.49105502774616,63.77980456,NA,63,62.2,64.5,59.7,35.1,64.3,0,0,0,100
176,26,54,29129441,NCT02142738,NSCLC,control,control,0,4.71420959850011,59.9,NA,138,59.9,66,62.9,35.1,64.900000000000006,0,0,0,100
176,26,54,29129441,NCT02142738,NSCLC,control,control,3,5.0211931226343,61.54495114,NA,114,59.9,66,62.9,35.1,64.900000000000006,0,0,0,100
176,26,54,29129441,NCT02142738,NSCLC,control,control,6,4.14203472430864,60.11172638,NA,102,59.9,66,62.9,35.1,64.900000000000006,0,0,0,100
176,26,54,29129441,NCT02142738,NSCLC,control,control,15,3.30757262514117,58.8739414,NA,85,59.9,66,62.9,35.1,64.900000000000006,0,0,0,100
176,26,54,29129441,NCT02142738,NSCLC,control,control,24,3.50156676017162,60.24201954,NA,71,59.9,66,62.9,35.1,64.900000000000006,0,0,0,100
176,26,54,29129441,NCT02142738,NSCLC,control,control,33,2.61248618684136,59.7208469,NA,44,59.9,66,62.9,35.1,64.900000000000006,0,0,0,100
106,27,55,38913881,NCT03036488,TNBC,Pembrolizumab,ICI,0,31.0067486570807,77.39,NA,635,77.39,49,0,86.5,13.5,0,75.3,24.7,0
106,27,55,38913881,NCT03036488,TNBC,Pembrolizumab,ICI,21,14.9342382052679,66.08787234,NA,501,77.39,49,0,86.5,13.5,0,75.3,24.7,0
106,27,56,38913881,NCT03036488,TNBC,control,control,0,22.7810188995039,78.41,NA,312,78.41,48,0,87.4,12.6,0,74.599999999999994,25.1,0
106,27,56,38913881,NCT03036488,TNBC,control,control,21,12.0858286734953,68.19723404,NA,251,78.41,48,0,87.4,12.6,0,74.599999999999994,25.1,0
106,27,55,38913881,NCT03036488,TNBC,Pembrolizumab,ICI,24,22.5511951783961,76.56,NA,363,74,49,0,86.5,13.5,0,75.3,24.7,0
106,27,56,38913881,NCT03036488,TNBC,control,control,24,16.3593471897983,75.866666667,NA,204,72.88,48,0,87.4,12.6,0,74.599999999999994,25.1,0
107,30,57,38070159,NCT02819518,TNBC,Pembrolizumab,ICI,0,10.3879777005357,67.54,NA,201,67.54,52,0,61,39,0,0,0,100
107,30,57,38070159,NCT02819518,TNBC,Pembrolizumab,ICI,3,8.95281231318484,66.048522727,NA,181,67.54,52,0,61,39,0,0,0,100
107,30,57,38070159,NCT02819518,TNBC,Pembrolizumab,ICI,6,10.2149475423247,68.119545455,NA,181,67.54,52,0,61,39,0,0,0,100
107,30,57,38070159,NCT02819518,TNBC,Pembrolizumab,ICI,15,6.96672677668958,63.593977273,NA,156,67.54,52,0,61,39,0,0,0,100
107,30,57,38070159,NCT02819518,TNBC,Pembrolizumab,ICI,24,5.99754203385079,63.517272727,NA,117,67.54,52,0,61,39,0,0,0,100
107,30,57,38070159,NCT02819518,TNBC,Pembrolizumab,ICI,33,5.9415127320699,63.9775,NA,107,67.54,52,0,61,39,0,0,0,100
107,30,57,38070159,NCT02819518,TNBC,Pembrolizumab,ICI,42,4.58991805719051,62.059886364,NA,87,67.54,52,0,61,39,0,0,0,100
107,30,57,38070159,NCT02819518,TNBC,Pembrolizumab,ICI,51,4.45583770204782,62.750227273,NA,73,67.54,52,0,61,39,0,0,0,100
107,30,58,38070159,NCT02819518,TNBC,control,control,0,5.8063559205323,64.54,NA,94,64.54,55,0,60,40,0,0,0,100
107,30,58,38070159,NCT02819518,TNBC,control,control,3,6.5766647940898,67.113863636,NA,85,64.54,55,0,60,40,0,0,0,100
107,30,58,38070159,NCT02819518,TNBC,control,control,6,7.63201069040552,69.798522727,NA,83,64.54,55,0,60,40,0,0,0,100
107,30,58,38070159,NCT02819518,TNBC,control,control,15,4.26052519132614,62.818409091,NA,66,64.54,55,0,60,40,0,0,0,100
107,30,58,38070159,NCT02819518,TNBC,control,control,24,4.04751395727471,63.432045455,NA,54,64.54,55,0,60,40,0,0,0,100
107,30,58,38070159,NCT02819518,TNBC,control,control,33,4.76351955658662,69.108181818,NA,35,64.54,55,0,60,40,0,0,0,100
107,30,58,38070159,NCT02819518,TNBC,control,control,42,3.56661579359157,66.807045455,NA,26,64.54,55,0,60,40,0,0,0,100
107,30,58,38070159,NCT02819518,TNBC,control,control,51,3.60924544121532,68.341136364,NA,22,64.54,55,0,60,40,0,0,0,100
107,30,59,38070159,NCT02819518,TNBC,Pembrolizumab,ICI,0,13.2600958227279,66.28,NA,385,66.28,52,0,60,40,0,0,0,100
107,30,59,38070159,NCT02819518,TNBC,Pembrolizumab,ICI,3,11.8251669754791,65.420401146,NA,344,66.28,52,0,60,40,0,0,0,100
107,30,59,38070159,NCT02819518,TNBC,Pembrolizumab,ICI,6,13.0239714690562,66.890315186,NA,343,66.28,52,0,60,40,0,0,0,100
107,30,59,38070159,NCT02819518,TNBC,Pembrolizumab,ICI,15,8.54585670224416,62.248481375,NA,292,66.28,52,0,60,40,0,0,0,100
107,30,59,38070159,NCT02819518,TNBC,Pembrolizumab,ICI,24,6.77217604661655,61.320114613,NA,216,66.28,52,0,60,40,0,0,0,100
107,30,59,38070159,NCT02819518,TNBC,Pembrolizumab,ICI,33,7.02481489415863,62.86739255,NA,178,66.28,52,0,60,40,0,0,0,100
107,30,59,38070159,NCT02819518,TNBC,Pembrolizumab,ICI,42,6.58225675003185,63.795759312,NA,135,66.28,52,0,60,40,0,0,0,100
107,30,59,38070159,NCT02819518,TNBC,Pembrolizumab,ICI,51,5.94952943830424,63.873123209,NA,109,66.28,52,0,60,40,0,0,0,100
107,30,60,38070159,NCT02819518,TNBC,control,control,0,9.80675457394316,66.79,NA,197,66.79,52,0,64,36,0,0,0,100
107,30,60,38070159,NCT02819518,TNBC,control,control,3,10.0400385187837,68.019226361,NA,177,66.79,52,0,64,36,0,0,0,100
107,30,60,38070159,NCT02819518,TNBC,control,control,6,11.0428818276526,69.489140401,NA,180,66.79,52,0,64,36,0,0,0,100
107,30,60,38070159,NCT02819518,TNBC,control,control,15,6.5446945491132,63.532120344,NA,139,66.79,52,0,64,36,0,0,0,100
107,30,60,38070159,NCT02819518,TNBC,control,control,24,7.41388294575821,66.626676218,NA,115,66.79,52,0,64,36,0,0,0,100
107,30,60,38070159,NCT02819518,TNBC,control,control,33,5.99065578172071,66.239856734,NA,79,66.79,52,0,64,36,0,0,0,100
107,30,60,38070159,NCT02819518,TNBC,control,control,42,5.35741874477344,68.251318052,NA,49,66.79,52,0,64,36,0,0,0,100
107,30,60,38070159,NCT02819518,TNBC,control,control,51,3.84892558534753,65.311489971,NA,37,66.79,52,0,64,36,0,0,0,100
107,30,61,38070159,NCT02819518,TNBC,Pembrolizumab,ICI,0,14.8575430957269,65.85,NA,512,65.85,53,0,59,41,0,0,0,100
107,30,61,38070159,NCT02819518,TNBC,Pembrolizumab,ICI,3,14.127616121773,65.9454,NA,457,65.85,53,0,59,41,0,0,0,100
107,30,61,38070159,NCT02819518,TNBC,Pembrolizumab,ICI,6,14.8842405406502,66.803757225,NA,453,65.85,53,0,59,41,0,0,0,100
107,30,61,38070159,NCT02819518,TNBC,Pembrolizumab,ICI,15,9.88975761985622,62.433815029,NA,379,65.85,53,0,59,41,0,0,0,100
107,30,61,38070159,NCT02819518,TNBC,Pembrolizumab,ICI,24,7.71073265827461,61.419364162,NA,275,65.85,53,0,59,41,0,0,0,100
107,30,61,38070159,NCT02819518,TNBC,Pembrolizumab,ICI,33,7.75472225871564,62.511849711,NA,230,65.85,53,0,59,41,0,0,0,100
107,30,61,38070159,NCT02819518,TNBC,Pembrolizumab,ICI,42,7.58499776943822,63.916473988,NA,176,65.85,53,0,59,41,0,0,0,100
107,30,61,38070159,NCT02819518,TNBC,Pembrolizumab,ICI,51,6.66868344444558,63.682369942,NA,141,65.85,53,0,59,41,0,0,0,100
107,30,62,38070159,NCT02819518,TNBC,control,control,0,11.179294422475,66.7,NA,259,66.7,53,0,62,38,0,0,0,100
107,30,62,38070159,NCT02819518,TNBC,control,control,3,11.5416147927122,68.121965318,NA,231,66.7,53,0,62,38,0,0,0,100
107,30,62,38070159,NCT02819518,TNBC,control,control,6,12.3400545556017,69.214450867,NA,232,66.7,53,0,62,38,0,0,0,100
107,30,62,38070159,NCT02819518,TNBC,control,control,15,7.95598530635406,64.220231214,NA,185,66.7,53,0,62,38,0,0,0,100
107,30,62,38070159,NCT02819518,TNBC,control,control,24,8.15892655173599,66.015028902,NA,151,66.7,53,0,62,38,0,0,0,100
107,30,62,38070159,NCT02819518,TNBC,control,control,33,6.50270715390007,65.780924855,NA,99,66.7,53,0,62,38,0,0,0,100
107,30,62,38070159,NCT02819518,TNBC,control,control,42,5.63162995964756,67.029479769,NA,63,66.7,53,0,62,38,0,0,0,100
107,30,62,38070159,NCT02819518,TNBC,control,control,51,4.0996563995303,64.376300578,NA,48,66.7,53,0,62,38,0,0,0,100
109,28,63,37976633,NCT02555657,TNBC,Pembrolizumab,ICI,0,7.57677471403909,68.6,NA,94,68.6,50,0,54,45,0,0,0,100
109,28,63,37976633,NCT02555657,TNBC,Pembrolizumab,ICI,3,7.24875547496773,69.552380952,NA,77,68.6,50,0,54,45,0,0,0,100
109,28,63,37976633,NCT02555657,TNBC,Pembrolizumab,ICI,6,6.42926272043912,67.435978836,NA,78,68.6,50,0,54,45,0,0,0,100
109,28,63,37976633,NCT02555657,TNBC,Pembrolizumab,ICI,15,4.93733718317425,67.435978836,NA,46,68.6,50,0,54,45,0,0,0,100
109,28,63,37976633,NCT02555657,TNBC,Pembrolizumab,ICI,24,1.56360188815014,57.91216931,NA,24,68.6,50,0,54,45,0,0,0,100
109,28,63,37976633,NCT02555657,TNBC,Pembrolizumab,ICI,33,1.34395448941819,57.64761905,NA,19,68.6,50,0,54,45,0,0,0,100
109,28,63,37976633,NCT02555657,TNBC,Pembrolizumab,ICI,42,1.16836349968879,57.25079365,NA,16,68.6,50,0,54,45,0,0,0,100
109,28,63,37976633,NCT02555657,TNBC,Pembrolizumab,ICI,51,2.49729701850788,70.742857143,NA,8,68.6,50,0,54,45,0,0,0,100
109,28,64,37976633,NCT02555657,TNBC,control,control,0,6.05468977333026,65.2,NA,93,65.2,53,1,51,49,0,0,0,100
109,28,64,37976633,NCT02555657,TNBC,control,control,3,4.92954148301368,63.771428571,NA,76,65.2,53,1,51,49,0,0,0,100
109,28,64,37976633,NCT02555657,TNBC,control,control,6,3.65477975111242,60.464550265,NA,74,65.2,53,1,51,49,0,0,0,100
109,28,64,37976633,NCT02555657,TNBC,control,control,15,1.96015777158616,57.686772487,NA,40,65.2,53,1,51,49,0,0,0,100
109,28,64,37976633,NCT02555657,TNBC,control,control,24,1.35790535092225,56.496296296,NA,27,65.2,53,1,51,49,0,0,0,100
109,28,64,37976633,NCT02555657,TNBC,control,control,33,0.212617544279342,51.6021164,NA,11,65.2,53,1,51,49,0,0,0,100
109,28,64,37976633,NCT02555657,TNBC,control,control,42,0.591969847156548,55.57037037,NA,7,65.2,53,1,51,49,0,0,0,100
109,28,64,37976633,NCT02555657,TNBC,control,control,51,1.25655012844517,61.655026455,NA,7,65.2,53,1,51,49,0,0,0,100
109,28,65,37976633,NCT02555657,TNBC,Pembrolizumab,ICI,0,9.64101403058353,66.93,NA,187,66.93,50,0,54,45,0,0,0,100
109,28,65,37976633,NCT02555657,TNBC,Pembrolizumab,ICI,3,7.51012387856208,64.213950617,NA,165,66.93,50,0,54,45,0,0,0,100
109,28,65,37976633,NCT02555657,TNBC,Pembrolizumab,ICI,6,7.21423533440403,63.967037037,NA,158,66.93,50,0,54,45,0,0,0,100
109,28,65,37976633,NCT02555657,TNBC,Pembrolizumab,ICI,15,5.38580523381491,63.473209877,NA,95,66.93,50,0,54,45,0,0,0,100
109,28,65,37976633,NCT02555657,TNBC,Pembrolizumab,ICI,24,3.53334014383335,62.238641975,NA,50,66.93,50,0,54,45,0,0,0,100
109,28,65,37976633,NCT02555657,TNBC,Pembrolizumab,ICI,33,2.03676319786602,58.905308642,NA,32,66.93,50,0,54,45,0,0,0,100
109,28,65,37976633,NCT02555657,TNBC,Pembrolizumab,ICI,42,1.34213664707014,56.80654321,NA,24,66.93,50,0,54,45,0,0,0,100
109,28,65,37976633,NCT02555657,TNBC,Pembrolizumab,ICI,51,2.46172527489951,68.534938272,NA,10,66.93,50,0,54,45,0,0,0,100
109,28,66,37976633,NCT02555657,TNBC,control,control,0,8.09558635115349,64.53,NA,183,64.53,53,1,51,49,0,0,0,100
109,28,66,37976633,NCT02555657,TNBC,control,control,3,6.52019932522039,62.801604938,NA,155,64.53,53,1,51,49,0,0,0,100
109,28,66,37976633,NCT02555657,TNBC,control,control,6,5.42488777936093,60.826296296,NA,152,64.53,53,1,51,49,0,0,0,100
109,28,66,37976633,NCT02555657,TNBC,control,control,15,3.75057392377959,60.209012346,NA,82,64.53,53,1,51,49,0,0,0,100
109,28,66,37976633,NCT02555657,TNBC,control,control,24,1.68979647722374,55.888024691,NA,51,64.53,53,1,51,49,0,0,0,100
109,28,66,37976633,NCT02555657,TNBC,control,control,33,1.6066315588156,58.480617284,NA,22,64.53,53,1,51,49,0,0,0,100
109,28,66,37976633,NCT02555657,TNBC,control,control,42,1.66139688297814,61.320123457,NA,13,64.53,53,1,51,49,0,0,0,100
109,28,66,37976633,NCT02555657,TNBC,control,control,51,1.85022398444918,62.554691358,NA,13,64.53,53,1,51,49,0,0,0,100
116,29,67,35835611,NCT02628067,Endometrial,Pembrolizumab,ICI,0,5.63136876459457,65.61,NA,76,65.61,64,0,39,61,0,0,0,100
116,29,67,35835611,NCT02628067,Endometrial,Pembrolizumab,ICI,3,5.4958302537908,66.29548387,NA,66,65.61,64,0,39,61,0,0,0,100
116,29,67,35835611,NCT02628067,Endometrial,Pembrolizumab,ICI,6,6.53474522667234,68.83580645,NA,68,65.61,64,0,39,61,0,0,0,100
116,29,67,35835611,NCT02628067,Endometrial,Pembrolizumab,ICI,9,7.32307541089037,71.55758065,NA,63,65.61,64,0,39,61,0,0,0,100
116,29,67,35835611,NCT02628067,Endometrial,Pembrolizumab,ICI,18,7.3049078357482,73.55354839,NA,51,65.61,64,0,39,61,0,0,0,100
116,29,67,35835611,NCT02628067,Endometrial,Pembrolizumab,ICI,27,5.10811387062182,69.38016129,NA,39,65.61,64,0,39,61,0,0,0,100
116,29,67,35835611,NCT02628067,Endometrial,Pembrolizumab,ICI,39,2.3712204642205,60.4890323,NA,31,65.61,64,0,39,61,0,0,0,100
116,29,67,35835611,NCT02628067,Endometrial,Pembrolizumab,ICI,51,4.08393858934518,69.01725806,NA,26,65.61,64,0,39,61,0,0,0,100
116,29,67,35835611,NCT02628067,Endometrial,Pembrolizumab,ICI,63,4.81510175224482,76.2753226,NA,17,65.61,64,0,39,61,0,0,0,100
116,29,67,35835611,NCT02628067,Endometrial,Pembrolizumab,ICI,75,3.54396318437577,68.83580645,NA,20,65.61,64,0,39,61,0,0,0,100
116,29,67,35835611,NCT02628067,Endometrial,Pembrolizumab,ICI,87,4.35685786498401,77.001129,NA,13,65.61,64,0,39,61,0,0,0,100
116,29,67,35835611,NCT02628067,Endometrial,Pembrolizumab,ICI,99,5.12670075496238,77.001129,NA,18,65.61,64,0,39,61,0,0,0,100
116,29,67,35835611,NCT02628067,Endometrial,Pembrolizumab,ICI,111,4.69162628856976,80.4487097,NA,11,65.61,64,0,39,61,0,0,0,100
